CREATE DATABASE `songs`;
USE `songs`;

CREATE TABLE record_label (
	id int,
    studio_name varchar(50),
    PRIMARY KEY (id)
);

CREATE TABLE artist (
	id int PRIMARY KEY,
    record_label_id int,
    artist_name varchar(50),
    FOREIGN KEY (record_label_id) REFERENCES record_label(id)
);

CREATE TABLE album (
	id int PRIMARY KEY,
    artist_id int,
    album_name varchar(100),
    album_year int,
    FOREIGN KEY (artist_id) REFERENCES artist(id)
);

CREATE TABLE song (
	id int PRIMARY KEY,
    album_id int,
    song_name varchar(50),
    duration float,
    FOREIGN KEY (album_id) REFERENCES album(id)
);





INSERT INTO record_label (id, studio_name) 
VALUES
(1,'Blackened'),
(6,'Capitol'),
(5,'Elektra'),
(4,'MCA'),
(3,'Universal'),
(2,'Warner Bros');





INSERT INTO artist (id, record_label_id, artist_name) 
VALUES
(3,1,'Anthrax'),
(2,1,'Christina'),
(1,1,'Aerosmith'),
(4,2,'Eric Clapton'),
(6,2,'Amorphis'),
(5,2,'Gary Allan'),
(8,3,'AC/DC'),
(7,3,'Lynyrd Skynyrd'),
(9,6,'Anastacia');





INSERT INTO album (id, artist_id, album_name, album_year) 
VALUES
(1,1, 'Devils got a new disguise', 2006),
(2,1,'Keeps getting better',2008),
(3,1,'Master of Puppets',1986),
(4,2,'Endgame',2009),
(5,2,'Icon',2012),
(6,3,'Story',2000),
(7,4,'Chapters',2003),
(8,4,'Riding with the King',2000),
(9,5,'Pieces of a Dream',2005),
(10,6,'Greatest Hits',2004),
(11,7,'All-Time Greatest Hits',1975),
(12,8,'Greatest Hits',1983),
(13,9,'Ultimate Collection',2015);





INSERT INTO song (id, album_id, song_name, duration) 
VALUES
(1,1,'Dream On',4.26),
(2,1,'Back in the Saddle',4.40),
(3,2,'Genie in a Bottle',5.3),
(4,2,'Beautiful',5.29),
(5,3,'Master of Puppets',8.35),
(6,3,'Battery',5.13),
(7,4,'Dialectic Chaos',2.26),
(8,4,'Endgame',5.57),
(9,5,'Watching Airplanes',4.03),
(10,5,'Man to Man',3.41),
(11,6,'Balck Winter Day',3.48),
(12,6,'Against Widows',4.04),
(13,7,'Reptile',3.36),
(14,7,'Modern Girl',4.49),
(15,8,'Riding with the King',4.23),
(16,8,'Key to the Highway',3.39),
(17,9,'Im Outta Love',4.02),
(18,9,'Not That Kind',3.20),
(19,10,'Eruption',1.43),
(20,10,'Hot For Teacher',4.43),
(21,11,'Sweet Home Alabama',4.45),
(22,11,'Free Bird',14.23),
(23,12,'Thunderstruck',4.52),
(24,12,'T.N.T',3.35),
(25,13,'Sgt. Pepper''s Lonely Hearts Club Band',2.0333),
(26,13,'With a Little Help from My Friends',2.7333),
(27,13,'Lucy in the Sky with Diamonds',3.4666),
(28,13,'Getting Better',2.8),(29,13,'Fixing a Hole',2.6),
(30,13,'Shes Leaving Home',3.5833),
(31,13,'Being for the Benefit of Mr. Kite!',2.6166),
(32,13,'Within You Without You',5.066),
(33,13,'When I''m Sixty-Four',2.6166),
(34,13,'Lovely Rita',2.7),
(35,13,'Good Morning Good Morning',2.6833),
(36,13,'Sgt. Pepper''s Lonely Hearts Club Band (Reprise)',1.3166),
(37,13,'A Day in the Life',5.65);